{
  "schema_version": "v1",
  "bucket_start": "2026-01-29T22:32:00Z",
  "bucket_sec": 60,
  "signals": {
    "cpu_temperature": {
      "mean": 45.00135316869323,
      "min": 42.98947421449729,
      "max": 46.29461690829851,
      "std": 1.1657240182518636,
      "slope": 0.20125301675053062,
      "p95": 46.29461690829851,
      "missing_rate": 0.0006014360259743849
    },
    "battery_voltage": {
      "mean": 12.567010762277727,
      "min": 12.504824619736862,
      "max": 12.679247699914344,
      "std": 0.04507793481448671,
      "slope": -0.01789171502004203,
      "p95": 12.647179322625894,
      "missing_rate": 0.0
    },
    "pressure": {
      "mean": 101322.3673359783,
      "min": 101255.13919027122,
      "max": 101480.48556187644,
      "std": 102.51545750024918,
      "slope": -0.1581509591399044,
      "p95": 101388.93970848841,
      "missing_rate": 0.0
    },
    "gyro_speed": {
      "mean": 0.08589453213551913,
      "min": -0.0158368571535783,
      "max": 0.18249679841987154,
      "std": 0.04479064222267556,
      "slope": -0.04033519421641026,
      "p95": 0.1533731811611665,
      "missing_rate": 0.0
    },
    "signal_strength": {
      "mean": -70.15520302528343,
      "min": -71.69284207324684,
      "max": -65.17362359963876,
      "std": 3.272517751042117,
      "slope": -0.6022093098563999,
      "p95": -66.5202851499529,
      "missing_rate": 0.010608986233860787
    },
    "power_consumption": {
      "mean": 135.46437584402585,
      "min": 83.88305722550231,
      "max": 160.7937386309258,
      "std": 17.882921862196127,
      "slope": 0.8773249002746365,
      "p95": 160.7937386309258,
      "missing_rate": 0.0006378177425506196
    }
  }
}